<?xml version="1.0" encoding="UTF-8"?><TaskList Version="2.0"><Task ConnectorKind="local" RepositoryUrl="local" TaskId="1" Handle="local-1" Label="library setup" Priority="P3" Kind="task" Notes="setup algs4 library;&#13;&#10;success will be measured by able to use stdout function to print hello world" Estimated="0" EndDate="2018-06-28 12:49:04.388 -0400" CreationDate="2018-06-28 12:42:43.882 -0400" ModificationDate="" DueDate="2018-06-28 16:00:00.0 -0400" Owner="local" Active="false" ScheduledStartDate="2018-06-28 00:00:00.0 -0400" ScheduledEndDate="2018-06-28 23:59:59.999 -0400" Reminded="false" MarkReadPending="false" NotifiedIncoming="true" offlineSyncState="SYNCHRONIZED"/><Task ConnectorKind="local" RepositoryUrl="local" TaskId="2" Handle="local-2" Label="New Task" Priority="P3" Kind="task" Notes="" Estimated="0" EndDate="" CreationDate="2018-06-28 12:49:56.336 -0400" ModificationDate="" DueDate="" Owner="local" Active="false" ScheduledStartDate="2018-06-24 00:00:00.0 -0400" ScheduledEndDate="2018-06-30 23:59:59.999 -0400" Reminded="false" MarkReadPending="false" NotifiedIncoming="true" offlineSyncState="SYNCHRONIZED"><Attribute Key="org.eclipse.mylyn.tasks.ui.new.unsaved.task">true</Attribute></Task><TaskCategory Handle="Uncategorized" Name="Uncategorized"><TaskReference Handle="local-1"/><TaskReference Handle="local-2"/></TaskCategory></TaskList>